date,risk,cells_obs,cells_max,wtmp_anom,upwell_7d,wtmp,cells_recent,bloom_next7,c_wtmp_anom,c_upwell_7d,c_upwell_14d,c_sin_doy,c_cos_doy,c_cells_recent
2018-01-01,74.6,,,0.1477334943639299,3.123573080072917,21.517391304347825,5.90934257347,0,-0.015,-0.387,-0.142,-0.096,0.945,4.066
2018-01-02,73.8,242800.00000000003,464000.0,-0.8493055555555564,4.104383517896333,20.797916666666666,5.90934257347,0,0.208,-0.526,-0.233,-0.126,0.945,4.066
2018-01-03,69.5,450.0,500.0,-1.3809947299077692,5.452558796586546,20.15833333333333,5.90934257347,0,0.326,-0.717,-0.343,-0.156,0.944,4.066
2018-01-04,65.2,900.0,1000.0,-1.433084975347562,6.06207459628339,19.975,5.90934257347,0,0.338,-0.803,-0.434,-0.186,0.943,4.066
2018-01-05,62.9,900.0,1000.0,-1.481090341824039,6.176530107496078,19.50625,5.90934257347,0,0.348,-0.819,-0.497,-0.216,0.942,4.066
2018-01-06,60.6,,,-1.5450500345065592,6.349424060227761,18.93913043478261,5.90934257347,0,0.362,-0.843,-0.555,-0.246,0.941,4.066
2018-01-07,59.9,,,-2.049712301587302,6.618811396737781,18.4375,5.90934257347,0,0.475,-0.881,-0.626,-0.275,0.939,4.066
2018-01-08,62.4,0.0,1333.0,-2.226656746031747,6.189672983133117,18.227083333333333,5.90934257347,0,0.514,-0.821,-0.59,-0.305,0.937,4.066
2018-01-09,49.0,0.0,0.0,-1.998475241545897,4.7710087709704565,18.47391304347826,5.385250471091801,0,0.463,-0.62,-0.559,-0.335,0.934,3.371
2018-01-10,49.2,500.0,1500.0,-1.594628623188406,3.6918907865269897,18.86458333333333,5.385250471091801,0,0.374,-0.468,-0.578,-0.365,0.932,3.371
2018-01-11,51.5,0.0,0.0,-1.3116035353535338,2.604943454390642,18.99375,5.385250471091801,0,0.31,-0.314,-0.545,-0.394,0.929,3.371
2018-01-12,56.5,,,-1.027208909749671,1.1642409570817356,19.16590909090909,5.385250471091801,0,0.247,-0.111,-0.453,-0.424,0.926,3.371
2018-01-13,54.8,,,-0.9859420289855052,1.2394575162207688,19.147916666666667,5.385250471091801,0,0.238,-0.121,-0.47,-0.453,0.922,3.371
2018-01-14,51.8,,,-1.2674894323671495,1.8571093756196917,18.39565217391305,5.385250471091801,0,0.301,-0.208,-0.532,-0.482,0.919,3.371
2018-01-15,50.9,0.0,0.0,-2.135416666666668,2.9276656977587683,17.566666666666666,5.385250471091801,0,0.494,-0.36,-0.576,-0.511,0.915,3.371
2018-01-16,3.7,0.0,0.0,-2.1695371808143555,3.5539002095699948,17.575,2.954724790979063,0,0.502,-0.448,-0.521,-0.54,0.911,0.146
2018-01-17,3.6,0.0,0.0,-2.211236916264088,3.936806844883699,17.439583333333335,2.954724790979063,0,0.511,-0.502,-0.473,-0.569,0.906,0.146
2018-01-18,3.4,0.0,0.0,-2.897433473389356,5.219600141576791,16.8125,2.954724790979063,0,0.664,-0.684,-0.487,-0.598,0.901,0.146
2018-01-19,2.1,0.0,0.0,-3.006657608695648,6.332977862290788,16.51521739130435,2.699837725867246,0,0.688,-0.841,-0.464,-0.626,0.896,-0.192
2018-01-20,2.3,,,-3.116069664031624,5.9576987134733175,16.37708333333333,2.699837725867246,0,0.712,-0.788,-0.443,-0.655,0.891,-0.192
2018-01-21,2.4,,,-2.952413171570779,5.090469150018923,16.422916666666666,2.699837725867246,0,0.676,-0.665,-0.426,-0.683,0.886,-0.192
2018-01-22,2.7,0.0,0.0,-2.907979641131813,3.918159336313949,16.493750000000002,2.699837725867246,0,0.666,-0.5,-0.419,-0.711,0.88,-0.192
2018-01-23,2.7,0.0,0.0,-2.507757233708322,3.1810030340619013,16.856521739130436,2.699837725867246,0,0.577,-0.396,-0.411,-0.739,0.874,-0.192
2018-01-24,0.1,0.0,0.0,-2.832204794897873,3.4638168139134424,16.129166666666666,0.0,0,0.649,-0.436,-0.457,-0.766,0.867,-3.774
2018-01-25,0.1,0.0,0.0,-2.78103819330936,3.3560151268188467,16.0625,0.0,0,0.638,-0.42,-0.539,-0.794,0.861,-3.774
2018-01-26,0.1,0.0,0.0,-2.4354670899559885,3.201595693733545,16.4375,0.0,0,0.561,-0.398,-0.605,-0.821,0.854,-3.774
2018-01-27,0.1,,,-1.899348935226264,2.847508424114141,17.077083333333334,0.0,0,0.441,-0.348,-0.554,-0.848,0.847,-3.774
2018-01-28,0.1,,,-1.343707482993196,2.250401043708052,17.495833333333334,0.0,0,0.318,-0.264,-0.453,-0.874,0.84,-3.774
2018-01-29,0.0,0.0,500.0,-0.0870980210265983,2.4315466641061017,18.591666666666665,0.0,0,0.038,-0.29,-0.385,-0.901,0.832,-3.774
2018-01-30,0.0,0.0,0.0,-1.594109083850931,3.8434200863198553,16.820833333333333,0.0,0,0.373,-0.489,-0.431,-0.927,0.825,-3.774
2018-01-31,0.1,0.0,0.0,-2.157520174571804,3.560038077872427,16.275000000000002,0.0,0,0.499,-0.449,-0.431,-0.953,0.817,-3.774
2018-02-01,0.1,0.0,0.0,-2.4730468750000014,2.6085530986783128,16.075,0.0,0,0.569,-0.315,-0.358,-0.979,0.808,-3.774
2018-02-02,0.1,0.0,0.0,-2.3460196393280626,2.4595847272554514,16.34375,0.0,0,0.541,-0.294,-0.337,-1.004,0.8,-3.774
2018-02-03,0.1,,,-2.475302574776439,2.9675520010746674,16.220833333333335,0.0,0,0.57,-0.365,-0.348,-1.03,0.791,-3.774
2018-02-04,0.1,,,-2.3533423913043485,2.689026200936652,16.3,0.0,0,0.543,-0.326,-0.287,-1.054,0.782,-3.774
2018-02-05,0.1,0.0,0.0,-2.163040461303442,2.8493976605085325,16.372916666666665,0.0,0,0.5,-0.349,-0.311,-1.079,0.773,-3.774
2018-02-06,0.1,0.0,0.0,-1.5114305821966454,1.4982932051469209,17.0,0.0,0,0.355,-0.158,-0.315,-1.103,0.764,-3.774
2018-02-07,0.1,0.0,0.0,-1.334693770903009,0.7029154838817427,17.3,0.0,0,0.316,-0.045,-0.241,-1.127,0.754,-3.774
2018-02-08,0.0,0.0,0.0,-0.4216788419913442,0.8049350344209227,18.122916666666665,0.0,0,0.112,-0.06,-0.182,-1.151,0.744,-3.774
2018-02-09,0.1,0.0,0.0,-1.0079013480392156,0.7960556803289683,17.441666666666666,0.0,0,0.243,-0.059,-0.171,-1.174,0.734,-3.774
2018-02-10,0.1,,,-0.8848555407011318,0.1001386183700878,17.747916666666665,0.0,0,0.215,0.04,-0.158,-1.197,0.724,-3.774
2018-02-11,0.1,,,-1.1148083097678807,0.2131463438040629,17.754166666666666,0.0,0,0.267,0.024,-0.147,-1.22,0.714,-3.774
2018-02-12,0.1,0.0,0.0,-0.6279755434782608,-0.3160766943440466,18.360416666666666,0.0,0,0.158,0.099,-0.121,-1.243,0.703,-3.774
2018-02-13,0.0,,,0.0959688793995852,-0.137044835265254,19.15625,0.0,0,-0.003,0.073,-0.04,-1.265,0.692,-3.774
2018-02-14,0.0,0.0,0.0,0.5129300477602143,0.2256079736173493,19.534782608695654,0.0,0,-0.096,0.022,-0.01,-1.286,0.681,-3.774
2018-02-15,0.0,0.0,0.0,0.5411005434782616,0.0313526068079123,19.45625,0.0,0,-0.102,0.05,-0.004,-1.308,0.67,-3.774
2018-02-16,0.0,0.0,0.0,0.9449275362318872,-0.3849733293770506,20.022916666666667,0.0,0,-0.192,0.108,0.026,-1.328,0.658,-3.774
2018-02-17,0.0,,,1.557755373023717,-0.516775007826187,20.67954545454545,0.0,0,-0.329,0.127,0.083,-1.349,0.647,-3.774
2018-02-18,0.0,,,1.549422554347828,-0.1097762029143825,20.86875,0.0,0,-0.327,0.07,0.047,-1.369,0.635,-3.774
2018-02-19,0.0,0.0,0.0,1.139274195761967,0.2478425251706655,20.655555555555555,0.0,0,-0.235,0.019,0.059,-1.389,0.623,-3.774
2018-02-20,0.0,0.0,0.0,1.4787673611111138,-0.0876645415385636,21.1425,0.0,0,-0.311,0.066,0.07,-1.408,0.611,-3.774
2018-02-21,0.0,0.0,0.0,1.8520428959627324,-0.502348794752846,21.704166666666666,0.0,0,-0.394,0.125,0.073,-1.427,0.598,-3.774
2018-02-22,0.0,0.0,0.0,2.2402534173254267,-0.5263458878359312,22.18478260869565,0.0,0,-0.481,0.128,0.088,-1.446,0.586,-3.774
2018-02-23,0.0,0.0,0.0,2.1765704404291384,-0.4429864797258008,22.229545454545452,0.0,0,-0.466,0.117,0.111,-1.464,0.573,-3.774
2018-02-24,0.0,,,1.9681182065217409,-0.3775425936475157,22.339583333333334,0.0,0,-0.42,0.107,0.116,-1.482,0.56,-3.774
2018-02-25,0.0,,,1.9202355072463744,-0.7812797487956941,22.40217391304348,0.0,0,-0.409,0.164,0.116,-1.499,0.547,-3.774
2018-02-26,9.7,29600.000000000007,61000.0,2.132603843167704,-1.217371611818471,22.60652173913044,4.47130638292198,0,-0.457,0.226,0.121,-1.516,0.534,2.158
2018-02-27,8.6,17700.0,22000.0,2.3869361413043464,-0.873818623475543,22.96875,4.47130638292198,0,-0.513,0.177,0.12,-1.533,0.521,2.158
2018-02-28,8.8,900.0,1000.0,2.1865366334974468,-0.7801136682762221,22.74791666666667,4.47130638292198,0,-0.469,0.164,0.143,-1.549,0.507,2.158
2018-03-01,9.7,22050.0,24500.0,2.1191304347826083,-1.374261451448943,22.67708333333333,4.47130638292198,0,-0.454,0.248,0.185,-1.564,0.493,2.158
2018-03-02,9.0,17300.0,18000.0,1.9943520021645007,-1.0334387365404452,22.77083333333333,4.47130638292198,0,-0.426,0.2,0.156,-1.58,0.48,2.158
2018-03-03,7.7,,,1.5452198616600796,0.1189177645901369,22.27083333333333,4.47130638292198,0,-0.326,0.037,0.072,-1.594,0.466,2.158
2018-03-04,6.3,,,1.3180803571428577,1.3599229207006058,21.8875,4.47130638292198,0,-0.275,-0.138,0.014,-1.609,0.452,2.158
2018-03-05,11.8,101400.0,235000.0,0.9337831439393938,1.9005095380272972,21.51458333333333,5.006042237959254,1,-0.19,-0.215,0.007,-1.622,0.438,2.868
2018-03-06,12.1,4000.0,6000.0,1.0167782738095248,1.4467716596051103,21.541666666666668,5.006042237959254,1,-0.208,-0.15,0.014,-1.636,0.423,2.868
2018-03-07,22.7,429599.9999999997,527000.0,0.8218305188923409,1.8428324557613287,21.371739130434783,5.633065283617888,1,-0.165,-0.206,-0.019,-1.649,0.409,3.7
2018-03-08,19.2,0.0,0.0,0.4380688348709043,3.304586132419971,20.933333333333334,5.633065283617888,1,-0.079,-0.413,-0.079,-1.661,0.394,3.7
2018-03-09,19.4,0.0,0.0,-0.1634270892151335,3.661959323886031,20.33333333333333,5.633065283617888,1,0.055,-0.464,-0.128,-1.673,0.38,3.7
2018-03-10,23.4,,,-0.4278282828282833,2.2909427648119256,20.085416666666667,5.633065283617888,1,0.114,-0.27,-0.113,-1.685,0.365,3.7
2018-03-11,26.3,,,-0.4836487154150219,1.0830410881761854,20.27173913043478,5.633065283617888,1,0.126,-0.099,-0.115,-1.696,0.35,3.7
2018-03-12,38.8,1438600.0000000002,2114000.0,-0.4252320075757581,1.3075543862035492,20.41875,6.157940357851554,0,0.113,-0.131,-0.168,-1.706,0.335,4.396
2018-03-13,33.3,900.0,1000.0,-0.5910408311051683,2.6359510153628314,20.035416666666663,6.157940357851554,0,0.15,-0.319,-0.228,-1.716,0.32,4.396
2018-03-14,32.0,,,-1.1983288043478275,3.311572542372775,19.475,6.157940357851554,0,0.285,-0.414,-0.302,-1.726,0.305,4.396
2018-03-15,32.8,0.0,0.0,-1.713501082251078,3.0930480281541284,19.15833333333333,6.157940357851554,0,0.4,-0.383,-0.388,-1.735,0.29,4.396
2018-03-16,33.5,0.0,0.0,-1.7992488662131514,2.807910076168451,19.070833333333333,6.157940357851554,0,0.419,-0.343,-0.393,-1.743,0.274,4.396
2018-03-17,32.3,,,-1.6481398809523815,3.23765910281965,19.43125,6.157940357851554,0,0.385,-0.404,-0.328,-1.751,0.259,4.396
2018-03-18,31.1,,,-1.323276721014491,3.459609779445413,19.8375,6.157940357851554,0,0.313,-0.435,-0.26,-1.759,0.244,4.396
2018-03-19,31.8,0.0,0.0,-0.870286040552589,2.645628744616226,20.35,6.157940357851554,0,0.212,-0.32,-0.219,-1.766,0.228,4.396
2018-03-20,35.7,0.0,0.0,-0.4746754025226671,0.838215043348443,20.57708333333333,6.157940357851554,0,0.124,-0.064,-0.186,-1.773,0.213,4.396
2018-03-21,36.3,0.0,0.0,-0.8629019474637687,0.8045897057013344,20.0625,6.157940357851554,0,0.211,-0.06,-0.23,-1.779,0.197,4.396
2018-03-22,36.2,900.0,1000.0,-1.2558357007575758,1.2171159657985275,19.597916666666663,6.157940357851554,0,0.298,-0.118,-0.244,-1.784,0.181,4.396
2018-03-23,34.3,0.0,0.0,-1.4434690241228054,1.810785352568569,19.4875,6.157940357851554,0,0.34,-0.202,-0.265,-1.789,0.165,4.396
2018-03-24,35.0,,,-1.7075767868906482,1.7085772737686755,19.31875,6.157940357851554,0,0.399,-0.187,-0.288,-1.794,0.15,4.396
2018-03-25,34.8,,,-1.5650022644927546,1.4343687498934992,19.683333333333334,6.157940357851554,0,0.367,-0.149,-0.284,-1.798,0.134,4.396
2018-03-26,0.6,0.0,0.0,-1.213556077075097,2.0137749182658493,20.272916666666667,2.954724790979063,0,0.289,-0.231,-0.268,-1.801,0.118,0.146
2018-03-27,0.7,0.0,0.0,-1.5152079417293225,2.668398645780089,20.15,2.954724790979063,0,0.356,-0.323,-0.188,-1.804,0.102,0.146
2018-03-28,0.9,0.0,0.0,-1.7195716873705995,1.4324153436288314,20.285416666666663,2.954724790979063,0,0.401,-0.148,-0.101,-1.807,0.086,0.146
2018-03-29,1.2,0.0,0.0,-1.6752485795454568,-0.2446493077708469,20.38958333333333,2.954724790979063,0,0.391,0.089,-0.013,-1.809,0.07,0.146
2018-03-30,1.5,0.0,0.0,-1.6123220755693597,-1.8240983953760743,20.54285714285714,2.954724790979063,0,0.377,0.312,0.055,-1.81,0.054,0.146
2018-03-31,1.4,,,-1.4667376893939412,-1.4286936418488243,20.777083333333334,2.954724790979063,0,0.345,0.256,0.035,-1.811,0.038,0.146
2018-04-01,1.2,,,-1.4744448123148786,-0.8271329990495213,20.90625,2.954724790979063,0,0.347,0.171,0.012,-1.812,0.022,0.146
2018-04-02,1.0,0.0,0.0,-0.9285511363636338,-0.9492411300213496,21.43541666666667,2.954724790979063,0,0.225,0.188,-0.02,-1.811,0.006,0.146
2018-04-03,0.9,0.0,0.0,-0.5023457480818401,-0.963779055837412,21.714583333333334,2.954724790979063,0,0.13,0.19,-0.064,-1.811,-0.01,0.146
2018-04-04,0.8,0.0,1000.0,-0.170781250000001,-0.6829780599015776,22.164285714285715,2.954724790979063,0,0.056,0.151,0.002,-1.81,-0.025,0.146
2018-04-05,0.0,,,-0.6909096790890246,0.66086822515992,21.85652173913044,0.0,0,0.172,-0.039,0.025,-1.808,-0.041,-3.774
2018-04-06,0.0,0.0,0.0,-0.895954861111111,1.2292156917296666,21.7625,0.0,0,0.218,-0.12,0.095,-1.806,-0.057,-3.774
2018-04-07,0.0,,,-0.7202648264683447,0.4625031387714987,22.06086956521739,0.0,0,0.179,-0.011,0.121,-1.803,-0.073,-3.774
2018-04-08,0.0,,,-0.8415009469696955,0.2158176899289268,21.991666666666667,0.0,0,0.206,0.023,0.096,-1.8,-0.089,-3.774
2018-04-09,0.0,0.0,500.0,0.0456974637681142,-0.3012379542587383,23.05625,0.0,0,0.008,0.097,0.14,-1.796,-0.105,-3.774
2018-04-10,0.0,,,-0.1759897741147753,-0.7532989328718889,22.76111111111111,0.0,0,0.058,0.16,0.173,-1.792,-0.121,-3.774
2018-04-11,0.0,0.0,0.0,-0.3901366713473386,0.2535627418765119,22.4175,0.0,0,0.105,0.018,0.084,-1.787,-0.137,-3.774
2018-04-12,0.0,0.0,0.0,-0.4841339932712181,-0.0903876651698517,22.325000000000003,0.0,0,0.126,0.067,0.015,-1.782,-0.152,-3.774
2018-04-13,0.4,199.80000000000004,333.0,-0.6677403026427982,-0.5631416136797366,22.35,2.3027637084729817,0,0.167,0.134,0.008,-1.776,-0.168,-0.719
2018-04-14,0.7,600.3,667.0,-0.5020020174571833,-0.6848029381268411,22.686363636363637,2.779091203845499,0,0.13,0.151,0.069,-1.77,-0.184,-0.087
2018-04-15,0.9,0.0,0.0,-0.7584265350877182,-1.6742657642401,22.66333333333333,2.779091203845499,0,0.187,0.291,0.155,-1.763,-0.199,-0.087
2018-04-16,0.7,0.0,333.0,-1.169987824675328,-0.2856417574443357,22.35,2.779091203845499,0,0.279,0.094,0.095,-1.756,-0.215,-0.087
2018-04-17,0.6,0.0,0.0,-1.2107267992424229,1.0158881880796224,22.253125,2.779091203845499,0,0.288,-0.09,0.036,-1.748,-0.23,-0.087
2018-04-18,0.6,0.0,0.0,-1.086841238471674,0.1650183763581667,22.40909090909091,2.779091203845499,0,0.26,0.031,0.025,-1.74,-0.245,-0.087
2018-04-19,0.6,0.0,0.0,-0.5990791965709725,-0.1626620811041487,23.0375,2.779091203845499,0,0.152,0.077,0.071,-1.731,-0.261,-0.087
2018-04-20,0.5,0.0,0.0,-0.1240812802393698,0.6098887943343383,23.56764705882353,2.779091203845499,0,0.046,-0.032,0.051,-1.722,-0.276,-0.087
2018-04-21,0.5,,,-0.4973519845191028,1.018822544309914,23.089285714285715,2.779091203845499,0,0.129,-0.09,0.031,-1.712,-0.291,-0.087
2018-04-22,0.4,,,-0.3399294772256738,1.782656834786559,23.317857142857143,2.779091203845499,0,0.094,-0.198,0.046,-1.702,-0.306,-0.087
2018-04-23,0.5,0.0,0.0,-0.4389136904761912,0.3462576423718917,23.410714285714285,2.779091203845499,0,0.116,0.005,0.05,-1.691,-0.321,-0.087
2018-04-24,0.5,0.0,0.0,-0.2819315794499601,-0.0328001207054519,23.576470588235296,2.779091203845499,0,0.081,0.059,-0.014,-1.68,-0.336,-0.087
2018-04-25,0.5,250.0,500.0,-0.4556931948200535,0.3254240933745637,23.57608695652174,2.779091203845499,0,0.12,0.008,0.02,-1.669,-0.35,-0.087
2018-04-26,0.5,0.0,0.0,-0.4749207427536213,0.3229412277259165,23.710869565217397,2.779091203845499,0,0.124,0.008,0.043,-1.656,-0.365,-0.087
2018-04-27,0.5,0.0,0.0,-0.2892582070707092,0.0571740451663387,24.036363636363635,2.779091203845499,0,0.083,0.046,0.008,-1.644,-0.379,-0.087
2018-04-28,0.3,,,-0.6697350543478287,0.9905493196598252,23.741304347826084,2.399673721481038,0,0.168,-0.086,-0.085,-1.631,-0.394,-0.59
2018-04-29,0.2,,,-0.7850323689258296,1.9314582089614123,23.73333333333333,2.399673721481038,0,0.193,-0.219,-0.203,-1.617,-0.408,-0.59
2018-04-30,0.2,0.0,0.0,-0.9041666666666686,2.756195515316897,23.78333333333333,2.399673721481038,0,0.22,-0.336,-0.16,-1.603,-0.422,-0.59
2018-05-01,0.2,0.0,0.0,-1.0844406702898546,2.672791697968068,23.75625,2.399673721481038,0,0.26,-0.324,-0.128,-1.589,-0.436,-0.59
2018-05-02,0.2,0.0,0.0,-1.3474730474283554,2.5165034707534537,23.56458333333333,2.399673721481038,0,0.318,-0.302,-0.142,-1.574,-0.45,-0.59
2018-05-03,0.2,0.0,0.0,-1.5628973657572516,2.642306766875955,23.479166666666668,2.399673721481038,0,0.366,-0.319,-0.151,-1.559,-0.464,-0.59
2018-05-04,0.2,0.0,0.0,-1.761186594202897,2.988811623816213,23.46666666666667,2.399673721481038,0,0.411,-0.368,-0.156,-1.543,-0.477,-0.59
2018-05-05,0.2,,,-1.9171225448131215,2.845360990933154,23.404347826086955,2.399673721481038,0,0.445,-0.348,-0.211,-1.527,-0.491,-0.59
2018-05-06,0.2,,,-1.7753630540654974,2.8580189992958283,23.55,2.399673721481038,0,0.414,-0.35,-0.277,-1.51,-0.504,-0.59
2018-05-07,0.2,0.0,0.0,-1.3474656208827405,3.1778101563048677,23.9675,2.399673721481038,0,0.318,-0.395,-0.356,-1.493,-0.517,-0.59
2018-05-08,0.2,0.0,0.0,-1.183177906785243,3.5205286182861717,24.095454545454547,2.399673721481038,0,0.282,-0.444,-0.374,-1.475,-0.53,-0.59
2018-05-09,0.0,0.0,0.0,-0.8728893595481679,3.583656165293174,24.402083333333334,0.0,0,0.213,-0.452,-0.368,-1.457,-0.543,-3.774
2018-05-10,0.0,0.0,0.0,-1.0038317786053843,3.6039222261710746,24.35217391304348,0.0,0,0.242,-0.455,-0.378,-1.439,-0.556,-3.774
2018-05-11,0.0,0.0,0.0,-0.8465972320252213,3.4568838636126307,24.578260869565216,0.0,0,0.207,-0.435,-0.391,-1.42,-0.568,-3.774
2018-05-12,0.0,,,-0.9993766174948248,2.905057840892988,24.5775,0.0,0,0.241,-0.357,-0.343,-1.401,-0.58,-3.774
2018-05-13,0.0,,,-1.4310273248792278,2.4553128888271694,24.294444444444444,0.0,0,0.337,-0.293,-0.313,-1.382,-0.593,-3.774
2018-05-14,0.0,0.0,0.0,-1.5906295289855097,1.6964058645485889,24.14130434782609,0.0,0,0.373,-0.186,-0.283,-1.362,-0.604,-3.774
2018-05-15,0.0,0.0,0.0,-1.5926759644075048,0.1539826398225694,24.116666666666664,0.0,0,0.373,0.032,-0.2,-1.341,-0.616,-3.774
2018-05-16,0.0,0.0,0.0,-1.56618675595238,-1.1174110503146708,24.1875,0.0,0,0.367,0.212,-0.116,-1.321,-0.628,-3.774
2018-05-17,0.0,0.0,0.0,-1.4401041666666643,-2.023369793643077,24.361904761904764,0.0,0,0.339,0.34,-0.055,-1.3,-0.639,-3.774
2018-05-18,0.0,0.0,0.0,-1.4132308135704896,-2.872488865995435,24.55208333333333,0.0,0,0.333,0.46,0.014,-1.278,-0.65,-3.774
2018-05-19,0.0,,,-1.1348541985964324,-3.0477007260936,24.9625,0.0,0,0.271,0.485,0.064,-1.256,-0.661,-3.774
2018-05-20,0.0,,,-1.3698147737355804,-3.5318182203043675,24.789583333333336,0.0,0,0.323,0.553,0.128,-1.234,-0.672,-3.774
2018-05-21,0.0,0.0,0.0,-1.4448778195488714,-3.912556322345629,24.84375,0.0,0,0.34,0.607,0.207,-1.212,-0.683,-3.774
2018-05-22,0.0,,,-1.3211438923395455,-3.2945462560731067,25.20833333333333,0.0,0,0.313,0.52,0.271,-1.189,-0.693,-3.774
2018-05-23,0.0,0.0,0.0,-1.0066666666666677,-2.6597169576658284,25.535416666666663,0.0,0,0.243,0.43,0.315,-1.166,-0.703,-3.774
2018-05-24,0.0,0.0,0.0,-0.4608428680396663,-2.0349101426004537,26.18958333333333,0.0,0,0.121,0.342,0.334,-1.142,-0.713,-3.774
2018-05-25,0.0,0.0,0.0,-0.2835034013605408,-1.5258822118588995,26.35833333333333,0.0,0,0.081,0.27,0.358,-1.118,-0.723,-3.774
2018-05-26,0.0,,,-0.871060706891452,-1.7854564650268132,25.61875,0.0,0,0.212,0.306,0.388,-1.094,-0.732,-3.774
2018-05-27,0.0,,,-1.3275122005323894,-2.232728261605904,25.18958333333333,0.0,0,0.314,0.37,0.452,-1.07,-0.742,-3.774
2018-05-28,0.1,,,-1.2883033476548462,-3.124207912409171,25.320833333333336,0.0,0,0.305,0.496,0.54,-1.045,-0.751,-3.774
2018-05-29,7.6,5299.999999999999,7500.0,-1.126674744337791,-3.83543458346809,25.691304347826087,3.724357804226426,0,0.269,0.596,0.547,-1.02,-0.76,1.167
2018-05-30,8.4,,,-1.229727398205661,-4.356626062220173,25.76458333333333,3.724357804226426,0,0.292,0.67,0.539,-0.995,-0.768,1.167
2018-05-31,14.9,15000.0,16000.0,-1.1332484802431608,-4.81071766723528,26.054166666666664,4.1761202110560856,0,0.271,0.734,0.527,-0.969,-0.777,1.767
2018-06-01,14.1,4600.0,5000.0,-0.8708121511164286,-4.870243355562804,26.61458333333333,4.1761202110560856,0,0.212,0.742,0.496,-0.944,-0.785,1.767
2018-06-02,12.5,,,-0.4962222673160177,-4.420319075225292,27.172727272727272,4.1761202110560856,0,0.129,0.679,0.483,-0.917,-0.793,1.767
2018-06-03,11.4,,,-0.5108139822134419,-3.692746752978213,27.19375,4.1761202110560856,0,0.132,0.576,0.463,-0.891,-0.8,1.767
2018-06-04,35.4,278000.0,341000.0,-0.46881793478261,-2.2409136067005107,27.38571428571429,5.444046358125633,1,0.123,0.371,0.425,-0.864,-0.808,3.449
2018-06-05,31.5,32500.0,33000.0,-0.3588514904479609,-1.1968109870403492,27.5575,5.444046358125633,1,0.098,0.223,0.402,-0.838,-0.815,3.449
2018-06-06,28.7,108700.00000000004,173000.0,-0.2634422348484868,-0.4009482687153688,27.5825,5.444046358125633,1,0.077,0.111,0.383,-0.811,-0.822,3.449
2018-06-07,25.5,126800.0,166000.0,0.3396401081755762,-0.0247602731239524,28.057894736842105,5.444046358125633,1,-0.057,0.057,0.388,-0.783,-0.829,3.449
2018-06-08,28.0,193300.0,213000.0,-0.1806103963324474,0.0555679377017683,27.3875,5.444046358125633,1,0.059,0.046,0.387,-0.756,-0.835,3.449
2018-06-09,27.3,,,0.0918495214291255,-0.1123803621178166,28.117391304347827,5.444046358125633,1,-0.002,0.07,0.367,-0.728,-0.841,3.449
2018-06-10,25.5,,,0.2722211783071202,-0.0093731152066177,28.589130434782607,5.444046358125633,1,-0.042,0.055,0.31,-0.7,-0.847,3.449
2018-06-11,33.7,579200.0,2413000.0,0.0631193842494717,-0.031695426121683,28.464583333333334,5.7628293030062645,1,0.004,0.058,0.211,-0.672,-0.853,3.872
2018-06-12,32.9,299400.0,381000.0,0.1925798160173144,-0.2360939282881991,28.72083333333333,5.7628293030062645,1,-0.025,0.087,0.153,-0.644,-0.858,3.872
2018-06-13,31.8,180300.0,183000.0,0.2501471920289866,-0.1973887817290306,28.879166666666663,5.7628293030062645,1,-0.037,0.082,0.095,-0.616,-0.863,3.872
2018-06-14,30.4,516773.6,601467.0,0.5117303959627328,-0.1717741157463594,29.1575,5.7628293030062645,1,-0.096,0.078,0.068,-0.587,-0.868,3.872
2018-06-15,30.5,373800.0,410000.0,0.6065974182822025,-0.2160072429498224,29.33409090909091,5.7628293030062645,1,-0.117,0.085,0.065,-0.558,-0.873,3.872
2018-06-16,34.0,718000.0,718000.0,0.8152867965367925,-0.4240844415903886,29.59583333333333,5.8561250491088455,1,-0.163,0.114,0.091,-0.529,-0.877,3.996
2018-06-17,34.4,484000.0,484000.0,0.8962603519668697,-0.5161059644619179,29.72391304347826,5.8561250491088455,1,-0.181,0.127,0.09,-0.5,-0.881,3.996
2018-06-18,36.1,479700.00000000006,1250000.0,0.657413419913425,-0.4854072787570511,29.4,5.8561250491088455,1,-0.128,0.123,0.09,-0.471,-0.885,3.996
2018-06-19,35.4,483400.0,510000.0,0.7360189629211362,-0.2512580166964557,29.527272727272727,5.8561250491088455,1,-0.146,0.09,0.088,-0.442,-0.889,3.996
2018-06-20,35.4,134700.0,135000.0,0.7268953233467315,-0.1317048159511756,29.59166666666667,5.8561250491088455,1,-0.144,0.073,0.077,-0.412,-0.892,3.996
2018-06-21,34.8,267500.0,288000.0,0.7193722943722918,0.1334451195049797,29.672916666666666,5.8561250491088455,1,-0.142,0.035,0.057,-0.383,-0.895,3.996
2018-06-22,34.9,60600.0,67000.0,0.6298395445134553,0.3535867911198271,29.70833333333333,5.8561250491088455,1,-0.122,0.004,0.044,-0.353,-0.898,3.996
2018-06-23,34.6,,,0.5052603215199163,0.7397495393071686,29.847826086956523,5.8561250491088455,1,-0.094,-0.051,0.032,-0.324,-0.9,3.996
2018-06-24,34.9,,,0.3082133446263917,1.0482810553353283,29.863636363636363,5.8561250491088455,1,-0.05,-0.094,0.017,-0.294,-0.903,3.996
2018-06-25,38.9,487500.0000000021,3227000.0,0.0599455070060983,0.6137711126015281,29.654545454545453,5.8561250491088455,1,0.005,-0.033,0.045,-0.264,-0.905,3.996
2018-06-26,41.9,38200.0,42000.0,-0.024517524401066,0.169247086131145,29.722916666666663,5.8561250491088455,1,0.024,0.03,0.06,-0.234,-0.906,3.996
2018-06-27,42.4,43800.0,52000.0,0.165416666666669,-0.0451693394266172,30.102083333333336,5.8561250491088455,1,-0.018,0.06,0.066,-0.204,-0.908,3.996
2018-06-28,42.4,365500.0,379000.0,0.2128551136363654,-0.0416083607510026,30.147727272727277,5.8561250491088455,1,-0.029,0.06,0.048,-0.174,-0.909,3.996
2018-06-29,45.3,2700.0,3000.0,-0.1447863900735022,-0.1550034787742798,29.75869565217392,5.8561250491088455,1,0.051,0.076,0.04,-0.144,-0.91,3.996
2018-06-30,55.7,1044004.2,1385433.0,-0.4622509057970987,-0.7572902419982738,29.46666666666667,6.018702661813448,1,0.121,0.161,0.055,-0.114,-0.91,4.211
2018-07-01,59.1,,,-0.2917588638716353,-1.5668824997344903,29.666666666666668,6.018702661813448,1,0.083,0.275,0.09,-0.084,-0.911,4.211
2018-07-02,87.6,16519999.999999994,23900000.0,-0.1804687499999993,-1.3858452521638294,29.93541666666667,7.218010069273375,0,0.059,0.25,0.107,-0.054,-0.911,5.803
2018-07-03,87.1,0.0,0.0,-0.1820086050724647,-0.8804790240515584,29.99347826086957,7.218010069273375,0,0.059,0.178,0.103,-0.024,-0.91,5.803
2018-07-04,87.4,,,-0.2856269409937866,-0.6930176833946983,29.923809523809524,7.218010069273375,0,0.082,0.152,0.105,0.006,-0.91,5.803
2018-07-05,89.4,0.0,0.0,-0.5389553140096588,-1.209804833598595,29.722500000000004,7.218010069273375,0,0.138,0.225,0.14,0.036,-0.909,5.803
2018-07-06,90.5,12966.4,14333.0,-0.677796648550725,-1.4392426203333286,29.680434782608696,7.218010069273375,0,0.169,0.257,0.164,0.066,-0.908,5.803
2018-07-07,90.0,,,-0.4102770229468611,-1.093006368007338,29.88478260869565,7.218010069273375,0,0.11,0.208,0.182,0.096,-0.907,5.803
2018-07-08,89.4,,,-0.2341806220095712,-0.5802079208476031,30.12954545454545,7.218010069273375,0,0.071,0.136,0.202,0.125,-0.905,5.803
2018-07-09,88.4,41399.99999999994,197000.0,-0.3723721590909079,0.1685670090122268,30.07619047619048,7.218010069273375,1,0.101,0.03,0.138,0.155,-0.903,5.803
2018-07-10,87.8,900.1,1000.0,-0.3856060606060651,0.4278963163803918,30.10454545454545,7.218010069273375,1,0.104,-0.006,0.085,0.185,-0.901,5.803
2018-07-11,88.0,1000.0,4000.0,-0.2265679824561424,0.2672656563915306,30.1775,7.218010069273375,1,0.069,0.016,0.083,0.215,-0.899,5.803
2018-07-12,88.2,0.0,0.0,-0.0056612318840585,0.2482483149579235,30.280434782608697,7.218010069273375,1,0.02,0.019,0.12,0.244,-0.896,5.803
2018-07-13,88.0,1800.0,2000.0,0.0858713529748271,0.5029606258638452,30.375,7.218010069273375,1,-0.001,-0.017,0.119,0.274,-0.893,5.803
2018-07-14,87.0,,,0.2140743180598256,0.8111181539052497,30.652083333333334,7.218010069273375,1,-0.029,-0.061,0.073,0.303,-0.89,5.803
2018-07-15,87.6,,,0.0246903559403541,0.7648290781137873,30.5625,7.218010069273375,1,0.013,-0.054,0.041,0.332,-0.886,5.803
2018-07-16,28.7,99400.00000000032,8240000.0,0.1401196227283172,0.1650464907539828,30.78333333333333,4.9973907535351145,1,-0.013,0.031,0.031,0.362,-0.882,2.856
2018-07-17,31.7,,,0.1396919505615166,-0.4450951272042537,30.735416666666666,4.9973907535351145,1,-0.013,0.117,0.055,0.391,-0.878,2.856
2018-07-18,78.6,3035500.0,3907233.0,0.1107407407407414,-0.6686441153562743,30.672916666666666,6.482230380280755,1,-0.006,0.148,0.082,0.42,-0.874,4.826
2018-07-19,91.8,19839733.2,21544068.0,0.0870238095238065,-0.6180473335422585,30.7,7.297535849458959,1,-0.001,0.141,0.08,0.448,-0.869,5.908
2018-07-20,92.5,900.0,1000.0,-0.0159864672364626,-0.9229088989004728,30.56041666666667,7.297535849458959,1,0.022,0.184,0.083,0.477,-0.865,5.908
2018-07-21,93.4,,,-0.3355158730158685,-1.1964560638180035,30.258333333333336,7.297535849458959,1,0.093,0.223,0.081,0.506,-0.86,5.908
2018-07-22,93.8,,,-0.5489166891012687,-1.1088072777943097,30.004166666666663,7.297535849458959,1,0.141,0.211,0.078,0.534,-0.854,5.908
2018-07-23,94.4,0.0,0.0,-0.5662176893155149,-1.2218382076336909,29.877272727272725,7.297535849458959,1,0.144,0.227,0.127,0.562,-0.849,5.908
2018-07-24,95.1,188400.0,1520000.0,-0.742085303388496,-1.339859164715815,29.604166666666668,7.297535849458959,1,0.184,0.243,0.177,0.59,-0.843,5.908
2018-07-25,95.7,34433.200000000004,40333.0,-0.7586252012882468,-1.744702794310706,29.575,7.297535849458959,1,0.187,0.301,0.221,0.618,-0.837,5.908
2018-07-26,96.2,555866.8,564667.0,-0.8241243961352644,-2.109880186458013,29.5125,7.297535849458959,1,0.202,0.352,0.242,0.645,-0.83,5.908
2018-07-27,96.1,0.0,0.0,-0.6350543478260917,-1.9872470106354636,29.725,7.297535849458959,1,0.16,0.335,0.255,0.672,-0.824,5.908
2018-07-28,96.0,2667.0,2667.0,-0.4417592592592569,-1.783981243590537,30.004166666666663,7.297535849458959,1,0.117,0.306,0.26,0.7,-0.817,5.908
2018-07-29,96.4,,,-0.4776519277744739,-2.151790513448875,30.04318181818182,7.297535849458959,1,0.125,0.358,0.279,0.726,-0.81,5.908
2018-07-30,97.3,21840000.0,31920000.0,-0.8473806042884995,-2.723240239378994,29.73333333333333,7.339252653917978,1,0.207,0.439,0.327,0.753,-0.802,5.964
2018-07-31,97.7,1144800.0000000002,1918000.0,-1.142294973544974,-2.9738016568745604,29.385416666666668,7.339252653917978,1,0.273,0.474,0.352,0.78,-0.795,5.964
2018-08-01,97.9,2692733.4000000004,3365000.0,-1.2286164787976368,-3.0675431427912043,29.339583333333334,7.339252653917978,1,0.292,0.488,0.386,0.806,-0.787,5.964
2018-08-02,98.0,13871556.0,16320000.0,-1.0837794612794625,-3.013366570592797,29.372727272727275,7.339252653917978,1,0.26,0.48,0.408,0.832,-0.779,5.964
2018-08-03,98.6,42686000.0,44240000.0,-0.8037147266313909,-3.0983458929149434,29.60833333333333,7.630285470217785,1,0.197,0.492,0.405,0.857,-0.77,6.35
2018-08-04,98.6,,,-0.6849407018314366,-3.338564072538272,29.818181818181817,7.630285470217785,1,0.171,0.526,0.408,0.883,-0.762,6.35
2018-08-05,98.7,23607219.0,23607219.0,-0.708776167471818,-3.190385452253893,29.828260869565216,7.630285470217785,1,0.176,0.505,0.423,0.908,-0.753,6.35
2018-08-06,98.5,6616400.0,14322667.0,-0.6512988581466814,-2.278213381035996,29.895,7.630285470217785,1,0.163,0.376,0.4,0.932,-0.744,6.35
2018-08-07,98.5,29752000.0,32640000.0,-0.7930092592592572,-1.7733642339990303,29.78,7.630285470217785,1,0.195,0.305,0.382,0.957,-0.735,6.35
2018-08-08,98.5,6000000.0,37760000.0,-0.7553377982725884,-1.7110737353177252,29.839130434782607,7.630285470217785,1,0.187,0.296,0.384,0.981,-0.725,6.35
2018-08-09,98.4,13960000.0,14560000.0,-0.5804692891649381,-1.352340660409524,30.02916666666667,7.630285470217785,1,0.148,0.245,0.356,1.005,-0.716,6.35
2018-08-10,98.2,11392000.0,12880000.0,-0.5480158730158742,-0.8658961442935632,30.172916666666666,7.630285470217785,1,0.14,0.176,0.328,1.029,-0.706,6.35
2018-08-11,98.2,,,-0.5791404991948497,-0.4050113480698041,30.065217391304348,7.630285470217785,1,0.147,0.111,0.313,1.052,-0.696,6.35
2018-08-12,98.3,,,-0.7952649693538412,-0.3006419905451744,29.95,7.630285470217785,1,0.195,0.096,0.295,1.075,-0.685,6.35
2018-08-13,98.4,8568000.0,90000000.0,-0.8348503536755132,-0.8287228046322753,29.90217391304348,7.630285470217785,1,0.204,0.171,0.269,1.097,-0.675,6.35
2018-08-14,98.8,58920000.000000015,82800000.0,-1.0158313204508822,-1.1488039288595304,29.63958333333333,7.770262745541511,1,0.245,0.216,0.256,1.119,-0.664,6.535
2018-08-15,98.7,40304000.0,48200000.0,-0.944733519404572,-0.7658590280476218,29.65909090909091,7.770262745541511,1,0.229,0.162,0.225,1.141,-0.653,6.535
2018-08-16,98.7,30052000.0,31000000.0,-0.8020665593129301,-0.7818609867342293,29.75869565217392,7.770262745541511,1,0.197,0.164,0.201,1.163,-0.642,6.535
2018-08-17,98.8,12586913.0,15324855.0,-0.642253715131293,-1.195956368910397,29.923809523809524,7.770262745541511,1,0.161,0.223,0.196,1.184,-0.631,6.535
2018-08-18,98.8,,,-0.5115740740740762,-1.5734652996473648,30.133333333333333,7.770262745541511,1,0.132,0.276,0.191,1.205,-0.619,6.535
2018-08-19,98.9,,,-0.4536541710081785,-1.6991137641621483,30.29565217391304,7.770262745541511,1,0.119,0.294,0.192,1.225,-0.607,6.535
2018-08-20,98.9,23746086.0,31120000.0,-0.575529970760229,-1.5581916409372467,30.31875,7.770262745541511,1,0.147,0.274,0.219,1.245,-0.596,6.535
2018-08-21,99.0,15850203.6,17832570.0,-0.5797372012045905,-1.3959856932112185,30.222727272727276,7.770262745541511,1,0.147,0.251,0.23,1.265,-0.583,6.535
2018-08-22,98.9,6112209.6,6535324.0,-0.5076612135851306,-1.12375998646477,30.410416666666663,7.770262745541511,1,0.131,0.213,0.185,1.284,-0.571,6.535
2018-08-23,98.8,,,-0.2501566416040148,-0.9795286784249064,30.6625,7.770262745541511,1,0.074,0.192,0.176,1.303,-0.559,6.535
2018-08-24,98.9,0.0,0.0,-0.3204916007905112,-0.8732288403708223,30.58478260869565,7.770262745541511,1,0.09,0.177,0.197,1.321,-0.546,6.535
2018-08-25,98.9,,,-0.0807971014492778,-1.0627133270679905,30.813888888888886,7.770262745541511,1,0.036,0.204,0.236,1.339,-0.533,6.535
2018-08-26,98.9,,,-0.0024724906065465,-0.948093150178354,30.827777777777776,7.770262745541511,1,0.019,0.188,0.237,1.357,-0.52,6.535
2018-08-27,98.9,1243800.0000000084,9280000.0,-0.2192834138486326,-0.5949636136175113,30.434375,7.770262745541511,0,0.067,0.138,0.203,1.374,-0.507,6.535
2018-08-28,98.8,87467.0,110667.0,-0.5821802392454565,-0.4793110122662485,29.93809523809524,7.605348160929506,0,0.148,0.122,0.184,1.391,-0.494,6.317
2018-08-29,98.5,282100.0,301000.0,-0.5451328763828727,-0.473300027595071,29.992857142857144,7.477873394619153,1,0.14,0.121,0.164,1.407,-0.481,6.147
2018-08-30,98.3,263800.0,286000.0,-0.6998212086767133,-0.3016255735601227,29.716666666666665,7.375592054621206,1,0.174,0.097,0.142,1.423,-0.467,6.012
2018-08-31,98.5,390000.0000000001,546000.0,-0.908363670347363,-0.3110436903305113,29.4475,7.375592054621206,1,0.221,0.098,0.136,1.439,-0.453,6.012
2018-09-01,98.4,,,-0.8255874064601691,-0.0753917263203607,29.545,7.375592054621206,1,0.202,0.065,0.133,1.454,-0.44,6.012
2018-09-02,98.5,56166.4,62333.0,-0.8439814814814781,-0.0809064418505589,29.5,7.375592054621206,1,0.206,0.065,0.125,1.468,-0.426,6.012
2018-09-03,98.0,209200.00000000003,262000.0,-0.9535862855609274,0.1164996742757653,29.313888888888886,7.200034872615442,1,0.231,0.038,0.087,1.482,-0.412,5.779
2018-09-04,97.2,267200.0000000001,390000.0,-1.4532709339774534,-0.2358538577706505,28.7625,6.78619830971066,1,0.342,0.087,0.103,1.496,-0.397,5.23
2018-09-05,93.7,485200.00000000006,1767570.0,-1.6259633080285312,-0.1563387419988402,28.6625,6.094750901644823,1,0.381,0.076,0.097,1.509,-0.383,4.312
2018-09-06,93.3,413600.0000000001,614000.0,-1.5221343873517768,0.1221461554191576,28.80227272727273,6.094750901644823,1,0.357,0.037,0.066,1.522,-0.369,4.312
2018-09-07,92.9,387400.0,418000.0,-1.494282263630094,0.4917843218051973,28.77,6.094750901644823,1,0.351,-0.016,0.041,1.534,-0.354,4.312
2018-09-08,92.7,95333.0,101333.0,-1.2977602108036876,0.4639514988237677,28.92083333333333,6.094750901644823,1,0.307,-0.012,0.027,1.546,-0.339,4.312
2018-09-09,95.6,3204423.0,3204423.0,-1.039571439027963,0.3408521620970177,29.214583333333334,6.505749975788386,1,0.25,0.006,0.036,1.557,-0.325,4.858
2018-09-10,97.8,8904000.000000002,36160000.0,-0.9777777777777814,-0.2039557244545171,29.18958333333333,6.94958520010186,1,0.236,0.083,0.06,1.568,-0.31,5.447
2018-09-11,97.5,7493600.0,10560000.0,-0.8584974747474696,0.4334012142499932,29.27916666666667,6.94958520010186,1,0.21,-0.007,0.04,1.579,-0.295,5.447
2018-09-12,97.4,8307200.0,9200000.0,-0.6666433971745427,0.6610902405121034,29.50869565217392,6.94958520010186,1,0.167,-0.039,0.019,1.588,-0.28,5.447
2018-09-13,97.3,7330800.0,8080000.0,-0.4576002922198583,0.5787373933234204,29.67727272727273,6.94958520010186,1,0.12,-0.028,0.006,1.598,-0.264,5.447
2018-09-14,97.1,0.0,0.0,-0.0601110745132515,0.4247271058727317,29.99347826086957,6.94958520010186,1,0.032,-0.006,-0.009,1.607,-0.249,5.447
2018-09-15,96.9,,,0.1511870709382172,0.6462540703637625,30.20833333333333,6.94958520010186,1,-0.015,-0.037,-0.023,1.615,-0.234,5.447
2018-09-16,96.9,,,0.3132246376811629,0.6180259441028618,30.291666666666668,6.94958520010186,1,-0.051,-0.033,-0.012,1.623,-0.218,5.447
2018-09-17,97.0,9432224.00000001,15360000.0,0.6566358024691397,0.5674286163995663,30.64375,6.974614152041755,1,-0.128,-0.026,0.029,1.63,-0.203,5.48
2018-09-18,96.7,3859396.0000000014,7416085.0,1.1588169043784973,0.5064543212163966,31.13478260869565,6.974614152041755,1,-0.24,-0.018,-0.011,1.637,-0.187,5.48
2018-09-19,97.1,4596840.0,5746050.0,0.6651521164021155,0.2823888671779154,30.59583333333333,6.974614152041755,0,-0.13,0.014,-0.011,1.644,-0.172,5.48
2018-09-20,97.2,,,0.9008066711871052,0.1583364778761591,30.808333333333334,6.974614152041755,1,-0.182,0.032,0.003,1.649,-0.156,5.48
2018-09-21,97.5,,,0.6030797101449252,0.0587219349806528,30.445652173913043,6.974614152041755,1,-0.116,0.046,0.021,1.655,-0.14,5.48
2018-09-22,97.7,,,0.2522436704959574,-0.1094732479046018,30.085,6.974614152041755,1,-0.038,0.069,0.017,1.66,-0.125,5.48
2018-09-23,97.7,,,0.320041686708354,-0.0098499790859344,30.11590909090909,6.974614152041755,1,-0.053,0.055,0.012,1.664,-0.109,5.48
2018-09-24,97.7,281688.00000000023,748757.0,0.2508753344255758,0.2102875626517422,29.96315789473684,6.974614152041755,1,-0.038,0.024,0.0,1.668,-0.093,5.48
2018-09-25,97.8,402603.8000000001,496577.0,0.1404866535348965,0.1509493354172253,29.85,6.974614152041755,1,-0.013,0.033,0.009,1.671,-0.077,5.48
2018-09-26,98.0,,,0.2128765479255641,-0.2073496228932569,29.94285714285714,6.974614152041755,1,-0.029,0.083,0.049,1.674,-0.061,5.48
2018-09-27,98.2,4126144.0,4716180.0,0.3307392024403306,-0.5708030488839467,29.9775,6.974614152041755,1,-0.055,0.135,0.082,1.676,-0.045,5.48
2018-09-28,98.2,314400.0,326000.0,0.3417450470892547,-0.6422568350304221,29.91388888888889,6.974614152041755,1,-0.058,0.145,0.094,1.678,-0.029,5.48
2018-09-29,98.1,966545.7,1073310.0,0.4966368770828495,-0.3567220714524513,30.02,6.974614152041755,1,-0.092,0.104,0.086,1.679,-0.014,5.48
2018-09-30,98.0,,,0.612959280303027,-0.1322558419423654,29.94545454545454,6.974614152041755,1,-0.118,0.073,0.064,1.68,0.002,5.48
2018-10-01,96.8,435425.2000000004,4375780.0,0.498943826563508,0.2766901243632279,29.71875,6.662459482210862,1,-0.093,0.015,0.02,1.68,0.018,5.066
2018-10-02,96.7,611091.2000000005,1434728.0,0.4776459478021948,0.621997031893892,29.584615384615383,6.662459482210862,0,-0.088,-0.034,0.001,1.68,0.034,5.066
2018-10-03,96.2,47066.60000000004,366000.0,0.4272296544035647,1.181996295060736,29.41538461538461,6.615544485778038,0,-0.077,-0.113,-0.013,1.679,0.05,5.003
2018-10-04,95.7,25800.0,28000.0,0.4247266433747398,1.9770271477913983,29.28214285714285,6.615544485778038,0,-0.076,-0.225,-0.043,1.678,0.066,5.003
2018-10-05,95.5,18100.0,20000.0,0.4780922244469856,2.300497150187753,29.257894736842104,6.615544485778038,0,-0.088,-0.271,-0.061,1.676,0.082,5.003
2018-10-06,95.4,,,0.5608593749999997,2.198470639621044,29.259375,6.615544485778038,0,-0.107,-0.257,-0.073,1.674,0.098,5.003
2018-10-07,95.6,,,0.299322916666668,2.2958498029561314,28.98,6.615544485778038,0,-0.048,-0.27,-0.096,1.671,0.114,5.003
2018-10-08,95.9,1299.7000000000137,46000.0,0.0171909838350039,2.1155768042756256,28.638461538461534,6.615544485778038,1,0.015,-0.245,-0.111,1.667,0.13,5.003
2018-10-09,96.4,0.0,0.0,0.0788277511961759,1.4391378075886847,28.38684210526316,6.615544485778038,1,0.001,-0.149,-0.088,1.663,0.146,5.003
2018-10-10,97.4,0.0,0.0,0.024460208122683,-0.2913028392288844,28.26875,6.615544485778038,1,0.013,0.095,-0.008,1.659,0.162,5.003
2018-10-11,94.7,1000.0,1000.0,0.1077513586956548,-1.0575919065838657,28.29583333333333,5.985222842391816,1,-0.006,0.203,-0.01,1.654,0.177,4.167
2018-10-12,94.4,276500.0,307000.0,0.126551177536232,-0.8601679987570877,28.266666666666666,5.985222842391816,1,-0.01,0.176,-0.046,1.649,0.193,4.167
2018-10-13,92.9,,,-0.2391191123188427,-0.4141474245711411,27.879166666666663,5.786106740406821,1,0.072,0.113,-0.069,1.643,0.209,3.903
2018-10-14,93.1,,,-0.1181986626172211,-0.6785469885459045,27.95294117647059,5.786106740406821,1,0.045,0.15,-0.058,1.636,0.224,3.903
2018-10-15,93.3,31950.000000000036,1843000.0,-0.0372048611111104,-0.8294791455517483,28.02857142857143,5.786106740406821,1,0.027,0.171,-0.035,1.629,0.24,3.903
2018-10-16,89.9,103600.00000000004,254000.0,-0.0947206439393895,-0.5221359985417555,28.05454545454546,5.441696706323164,1,0.039,0.128,-0.009,1.622,0.255,3.446
2018-10-17,87.4,129200.0,132000.0,0.119124817927684,1.034529977696993,28.12368421052632,5.441696706323164,1,-0.008,-0.092,0.003,1.614,0.271,3.446
2018-10-18,86.4,164200.0,171000.0,0.2692532865418897,1.5737349739034934,28.0575,5.441696706323164,1,-0.042,-0.168,0.018,1.606,0.286,3.446
2018-10-19,86.4,53500.00000000001,61000.0,0.429767156862745,1.3864870756403618,28.08235294117647,5.441696706323164,1,-0.077,-0.142,0.018,1.597,0.301,3.446
2018-10-20,87.8,,,0.5164760267145141,0.5513807426890974,28.038636363636364,5.441696706323164,1,-0.097,-0.024,0.044,1.587,0.316,3.446
2018-10-21,85.8,,,0.7686925054112557,1.239532175162368,28.097916666666663,5.441696706323164,1,-0.153,-0.121,0.015,1.577,0.331,3.446
2018-10-22,92.5,1040163.3000000024,3282000.0,0.6736732456140331,1.636471032947704,27.954166666666666,6.017101944056131,1,-0.132,-0.177,-0.002,1.567,0.346,4.209
2018-10-23,93.6,1408064.0,1414000.0,0.5308184143222512,1.72668999767599,27.714285714285715,6.14862270344938,1,-0.1,-0.19,-0.029,1.556,0.361,4.384
2018-10-24,92.7,1540800.0,1542000.0,0.4335557864450088,2.268104318727302,27.47647058823529,6.187746551643349,1,-0.078,-0.267,-0.174,1.545,0.376,4.436
2018-10-25,92.7,,,0.437611607142859,2.063568475306152,27.3625,6.187746551643349,1,-0.079,-0.238,-0.197,1.533,0.391,4.436
2018-10-26,93.9,1540220.0,1660000.0,0.2578547019104071,1.4594947584372338,27.217391304347824,6.187746551643349,1,-0.039,-0.152,-0.143,1.52,0.405,4.436
2018-10-27,93.6,,,0.0090126811594188,2.23443480742908,26.975,6.187746551643349,1,0.016,-0.262,-0.139,1.508,0.42,4.436
2018-10-28,93.4,,,-0.3494791666666685,2.511813652979368,26.558333333333334,6.187746551643349,1,0.096,-0.301,-0.205,1.494,0.434,4.436
2018-10-29,95.5,2809876.0,3062000.0,-0.6859805253623179,2.4459432864298387,26.117391304347827,6.448687309445853,1,0.171,-0.292,-0.228,1.481,0.448,4.782
2018-10-30,95.4,3069747.0,4171867.0,-0.7603212344720482,2.86069436171227,26.02608695652174,6.487102725085834,1,0.188,-0.35,-0.263,1.467,0.462,4.833
2018-10-31,95.9,2343200.0,2404000.0,-0.8149516327573423,2.2228361924074043,25.938888888888886,6.487102725085834,1,0.2,-0.26,-0.256,1.452,0.476,4.833
2018-11-01,96.6,1688000.0,1726000.0,-0.7702186264822117,1.288038086348779,25.822727272727278,6.487102725085834,1,0.19,-0.128,-0.178,1.437,0.49,4.833
2018-11-02,96.9,1786484.0,1916000.0,-0.7355790043290042,0.9476402509305862,25.797916666666666,6.487102725085834,1,0.182,-0.08,-0.112,1.421,0.504,4.833
2018-11-03,96.7,772907.2,784700.0,-0.8764086476982094,1.196080067347124,25.605882352941176,6.487102725085834,1,0.214,-0.115,-0.183,1.405,0.517,4.833
2018-11-04,97.4,,,-1.0911695075757564,0.2231937306689979,25.2375,6.487102725085834,1,0.261,0.022,-0.135,1.389,0.531,4.833
2018-11-05,97.6,2950800.0000000093,27100000.0,-0.9017323369565204,-0.504271239622509,25.31086956521739,6.487102725085834,1,0.219,0.125,-0.08,1.372,0.544,4.833
2018-11-06,98.7,8399999.999999998,13300000.0,-0.5478671125070598,-1.2650091079249326,25.578260869565216,6.924279337763602,1,0.14,0.233,-0.056,1.355,0.557,5.413
2018-11-07,98.7,4270000.0,44500000.0,-0.2356294381787833,-1.20032699058701,25.82631578947368,6.924279337763602,1,0.071,0.224,-0.017,1.337,0.57,5.413
2018-11-08,98.6,9846000.000000002,13200000.0,-0.0371089635320203,-0.3086843900719165,25.94736842105263,6.993259875545458,1,0.027,0.098,-0.014,1.319,0.583,5.504
2018-11-09,98.3,5314000.0,5500000.0,0.1433919944789501,0.3620129696691275,25.86086956521739,6.993259875545458,1,-0.014,0.003,-0.037,1.301,0.595,5.504
2018-11-10,98.3,,,0.3089436026935992,0.0151207386829364,25.88125,6.993259875545458,1,-0.05,0.052,-0.03,1.282,0.608,5.504
2018-11-11,98.2,,,0.1783469846112879,0.7128380623227636,25.7,6.993259875545458,1,-0.021,-0.047,-0.011,1.262,0.62,5.504
2018-11-12,98.3,4663600.0,5360000.0,0.0527742464050646,0.9014728817348424,25.63947368421053,6.993259875545458,1,0.007,-0.073,0.027,1.243,0.632,5.504
2018-11-13,98.4,6635292.199999994,23300000.0,0.1431840703579787,0.7164089703664792,25.725,6.993259875545458,1,-0.014,-0.047,0.092,1.223,0.644,5.504
2018-11-14,98.3,2349600.0,2396000.0,0.3552195746640159,0.6344303723258381,25.779545454545453,6.993259875545458,1,-0.061,-0.036,0.093,1.202,0.655,5.504
2018-11-15,97.8,588800.0,596000.0,0.3903677081710022,1.5191829220912272,25.565217391304348,6.993259875545458,1,-0.069,-0.161,-0.03,1.181,0.667,5.504
2018-11-16,97.1,785637.8,864000.0,0.1739387926887907,2.794823720224517,24.972727272727276,6.993259875545458,1,-0.02,-0.341,-0.164,1.16,0.678,5.504
2018-11-17,97.2,,,-0.0569870701903951,3.0500120049665966,24.75294117647059,6.993259875545458,1,0.031,-0.377,-0.158,1.139,0.689,5.504
2018-11-18,97.0,,,-0.0943308603634669,3.1162694519305605,24.585714285714285,6.993259875545458,1,0.039,-0.386,-0.211,1.117,0.7,5.504
2018-11-19,96.4,1939200.0,7100000.0,-0.0203321256038648,3.8101632297426993,24.566666666666663,6.993259875545458,1,0.023,-0.484,-0.272,1.094,0.711,5.504
2018-11-20,95.9,10880000.0,15200000.0,0.0919312169312185,4.607279988173077,24.531818181818185,7.036628935278931,1,-0.002,-0.597,-0.314,1.072,0.721,5.562
2018-11-21,95.0,1779800.0,1964000.0,0.044987251744498,5.60830766632817,24.302777777777777,7.036628935278931,1,0.008,-0.739,-0.377,1.049,0.732,5.562
2018-11-22,95.0,,,-0.0674747259465924,5.352281780159503,24.105882352941176,7.036628935278931,1,0.033,-0.702,-0.421,1.026,0.742,5.562
2018-11-23,95.4,1380400.0,1404000.0,-0.0582049881144115,4.465126198842984,24.010714285714283,7.036628935278931,1,0.031,-0.577,-0.448,1.002,0.752,5.562
2018-11-24,95.7,,,0.2877284752284765,3.590105810416678,24.01875,7.036628935278931,1,-0.046,-0.453,-0.405,0.978,0.761,5.562
2018-11-25,95.8,380380.0,380380.0,0.5648553308016204,3.0312727026324597,24.18958333333333,7.036628935278931,1,-0.107,-0.374,-0.371,0.954,0.771,5.562
2018-11-26,96.3,1676200.0000000002,2684000.0,0.5702871102327656,2.137517780602572,24.21041666666667,7.036628935278931,1,-0.109,-0.248,-0.357,0.929,0.78,5.562
2018-11-27,95.6,1710738.0,1843380.0,0.3965373542185091,2.817936337284846,23.96818181818181,7.036628935278931,0,-0.07,-0.344,-0.459,0.905,0.789,5.562
2018-11-28,95.6,833600.0,910000.0,-0.1547193425482902,3.034465456690701,23.364285714285717,7.036628935278931,0,0.053,-0.375,-0.543,0.879,0.798,5.562
2018-11-29,96.3,742000.0,764000.0,-0.8666097377281581,2.9210439693830907,22.425,7.036628935278931,0,0.211,-0.359,-0.518,0.854,0.806,5.562
2018-11-30,96.7,508000.0,534000.0,-0.6964857535252236,2.4021628270246893,22.420454545454547,7.036628935278931,0,0.173,-0.285,-0.421,0.828,0.815,5.562
2018-12-01,96.9,,,-0.1788091203852069,1.7185463101461185,22.839583333333334,7.036628935278931,0,0.058,-0.189,-0.313,0.802,0.823,5.562
2018-12-02,97.5,,,-0.0607814253647589,0.6285149531236085,23.0,7.036628935278931,0,0.032,-0.035,-0.199,0.776,0.83,5.562
2018-12-03,97.7,197000.0000000001,260667.0,0.1442828387393611,0.2883308233717893,23.175,7.036628935278931,0,-0.014,0.013,-0.114,0.75,0.838,5.562
2018-12-04,94.0,149066.80000000002,176000.0,0.3911798669378754,-0.5446040423443678,23.22391304347826,6.250371446447491,0,-0.069,0.131,-0.103,0.723,0.845,4.519
2018-12-05,93.9,111400.0,370000.0,0.0210973761485249,-0.3707005306833132,22.78529411764706,6.23318375617695,0,0.014,0.106,-0.13,0.696,0.852,4.496
2018-12-06,94.0,47000.0,48000.0,-0.4127684407096161,-0.0427206446432031,22.320833333333336,6.23318375617695,1,0.11,0.06,-0.145,0.669,0.859,4.496
2018-12-07,93.8,9283.100000000002,11333.0,-0.7851220538720547,0.6059656238681683,21.95,6.23318375617695,1,0.193,-0.032,-0.154,0.642,0.866,4.496
2018-12-08,92.7,,,-0.8410758264658504,1.5853600108811547,21.86521739130435,6.23318375617695,1,0.206,-0.17,-0.174,0.614,0.872,4.496
2018-12-09,92.2,,,-0.6815105244996538,2.0412592006144075,21.98260869565217,6.23318375617695,1,0.17,-0.234,-0.13,0.586,0.878,4.496
2018-12-10,89.5,191667.40000000017,460168.0,-0.7671037497124438,3.707570741690962,21.86875,6.23318375617695,1,0.189,-0.47,-0.222,0.558,0.884,4.496
2018-12-11,84.2,450.0,500.0,-1.1913624338624338,4.582028914066494,21.33,5.920958226941799,1,0.284,-0.594,-0.225,0.53,0.89,4.082
2018-12-12,85.9,0.0,0.0,-1.621944156889807,3.900630898224985,20.67,5.870404490581169,1,0.38,-0.497,-0.19,0.502,0.895,4.015
2018-12-13,93.3,2077798.8000000005,3462998.0,-1.6394688865884497,2.573011561364005,20.6375,6.317603700129803,0,0.384,-0.31,-0.121,0.473,0.9,4.608
2018-12-14,94.6,,,-1.5572163665641945,1.1182861213416602,20.704166666666666,6.317603700129803,0,0.365,-0.104,-0.065,0.445,0.905,4.608
2018-12-15,94.2,,,-1.4698573729008508,0.9257282956185584,20.747916666666665,6.317603700129803,0,0.346,-0.077,-0.12,0.416,0.909,4.608
2018-12-16,93.3,,,-1.8504478367433956,1.7596543942040177,20.622916666666665,6.317603700129803,0,0.431,-0.195,-0.209,0.387,0.914,4.608
2018-12-17,92.2,99933.0,164333.0,-1.6460231193926838,1.672078967163965,20.53913043478261,6.317603700129803,0,0.385,-0.182,-0.318,0.358,0.918,4.608
2018-12-18,92.9,1800.0,2000.0,-2.027417641697827,1.2273535775968558,20.13529411764706,6.317603700129803,0,0.47,-0.119,-0.347,0.329,0.921,4.608
2018-12-19,93.7,450.0,500.0,-2.046736865942026,0.7327625012748046,19.73913043478261,6.317603700129803,0,0.474,-0.05,-0.266,0.3,0.925,4.608
2018-12-20,93.7,,,-1.7147029938977916,0.7019939471121911,19.976086956521737,6.317603700129803,0,0.4,-0.045,-0.172,0.27,0.928,4.608
2018-12-21,92.1,,,-1.3355638586956535,1.7985329404218808,20.325,6.317603700129803,0,0.316,-0.2,-0.148,0.241,0.931,4.608
2018-12-22,91.7,,,-1.982886989893213,2.6373297325138183,19.48913043478261,6.317603700129803,0,0.46,-0.319,-0.192,0.211,0.934,4.608
2018-12-23,90.2,,,-1.5605659033948491,2.6881156886505506,19.676315789473687,6.317603700129803,0,0.366,-0.326,-0.253,0.181,0.936,4.608
2018-12-24,90.8,0.0,0.0,-1.6789767314248394,2.34784905078885,19.586842105263155,6.317603700129803,0,0.392,-0.278,-0.224,0.152,0.938,4.608
2018-12-25,91.8,,,-2.1810714285714283,2.297625759775446,19.09722222222222,6.317603700129803,0,0.504,-0.271,-0.19,0.122,0.94,4.608
2018-12-26,91.5,533.6,667.0,-2.364177170868345,2.695149445878985,18.844444444444445,6.317603700129803,1,0.545,-0.327,-0.183,0.092,0.942,4.608
2018-12-27,60.8,0.0,0.0,-2.181245686680466,3.2851067451062663,18.969565217391303,4.9997132710109655,1,0.504,-0.41,-0.222,0.062,0.943,2.859
2018-12-28,59.3,0.0,0.0,-1.826762820512819,2.712691709948565,19.3,4.9997132710109655,1,0.425,-0.329,-0.258,0.032,0.944,2.859
2018-12-29,61.5,,,-1.537640977443612,1.5617431219540434,19.641666666666666,4.9997132710109655,1,0.361,-0.167,-0.236,0.002,0.945,2.859
2018-12-30,60.7,,,-1.1292831262939913,1.1376142863023109,20.09583333333333,4.9997132710109655,1,0.27,-0.107,-0.21,-0.028,0.945,2.859
2018-12-31,14.6,450.0,500.0,-0.9816597653554168,0.4166869333870129,20.191304347826087,3.2555137128195333,1,0.237,-0.005,-0.137,-0.058,0.945,0.545
